N,n,k,s,m,epsilon,truncation_mode,shots,recovery_prob,ci_lower,ci_upper,mirror_recovery_prob,mirror_ci_lower,mirror_ci_upper,mean_bit_accuracy,bit_recovery_probs,bit_advantages,mi_truncated,mi_full,info_loss_ratio,mean_confidence
4,2,1,3,8,0.0,msb,1000,0.32,0.29182400898144156,0.3495536240733583,0.674,0.6443294194831642,0.7023388685638626,0.659,"[0.674, 0.644]","[0.17400000000000004, 0.14400000000000002]",0.24999999999999997,0.5,0.5,0.45688201642568926
4,2,2,3,8,0.0,msb,1000,0.533,0.5020104989134991,0.5637369350264544,0.99,0.9816905311296853,0.9945592455544707,0.7645,"[0.99, 0.539]","[0.49, 0.039000000000000035]",0.5,0.5,0.0,0.5036811097399316
8,3,1,5,8,0.0,msb,1000,0.16,0.13858526208349012,0.1840169336866874,0.311,0.2830785879940784,0.34036792671346144,0.5423333333333332,"[0.636, 0.437, 0.554]","[0.136, -0.063, 0.05400000000000005]",0.12500000000000003,0.4747809908267858,0.7367207145713133,0.1860560512913295
8,3,2,5,8,0.0,msb,1000,0.253,0.22703579958556788,0.28085461910629633,0.529,0.49801049370900147,0.5597675542988364,0.6016666666666668,"[0.644, 0.546, 0.615]","[0.14400000000000002, 0.04600000000000004, 0.11499999999999999]",0.22774784629267714,0.4747809908267858,0.5203096781611328,0.32920448254116685
8,3,3,5,8,0.0,msb,1000,0.469,0.438247507417386,0.49998975160871834,0.911,0.8917426484378812,0.9271117560869926,0.6606666666666666,"[0.968, 0.499, 0.515]","[0.46799999999999997, -0.0010000000000000009, 0.015000000000000013]",0.4747809908267858,0.4747809908267858,0.0,0.4628733894733231
16,4,1,11,8,0.0,msb,1000,0.067,0.05310191960662385,0.08421205324186688,0.127,0.10778000925843848,0.14907475257178568,0.50325,"[0.494, 0.526, 0.459, 0.534]","[-0.006000000000000005, 0.026000000000000023, -0.04099999999999998, 0.03400000000000003]",0.06250000000000004,0.4591628370131531,0.8638827122713991,0.08132537135502363
16,4,2,11,8,0.0,msb,1000,0.091,0.07470470437164412,0.11042558406953998,0.182,0.15931725722829052,0.2071165611685226,0.53675,"[0.62, 0.523, 0.481, 0.523]","[0.12, 0.02300000000000002, -0.019000000000000017, 0.02300000000000002]",0.11145376338066584,0.4591628370131531,0.7572674563436562,0.1362970319218318
16,4,3,11,8,0.0,msb,1000,0.232,0.20689343939858929,0.2591577031496683,0.49,0.45911403097425707,0.520962504195454,0.549,"[0.699, 0.506, 0.479, 0.512]","[0.19899999999999995, 0.006000000000000005, -0.02100000000000002, 0.01200000000000001]",0.21722262443108908,0.4591628370131531,0.5269159284664264,0.24115732625723388
16,4,4,11,8,0.0,msb,1000,0.424,0.3937184466169774,0.4548632206728269,0.804,0.7782523359291924,0.8274209949115903,0.6175,"[0.903, 0.528, 0.504, 0.535]","[0.403, 0.028000000000000025, 0.0040000000000000036, 0.03500000000000003]",0.4591628370131531,0.4591628370131531,0.0,0.41730317143994533
32,5,1,19,8,0.0,msb,1000,0.032,0.022757107858710962,0.04482473808376865,0.055,0.04249742737476844,0.07090838767737563,0.4824,"[0.421, 0.506, 0.487, 0.479, 0.519]","[-0.07900000000000001, 0.006000000000000005, -0.013000000000000012, -0.02100000000000002, 0.019000000000000017]",0.03125000000000001,0.4509819072076003,0.9307067545270398,0.03968321577634016
32,5,2,19,8,0.0,msb,1000,0.011,0.006153174098086639,0.019589395700786272,0.025,0.016990131293434067,0.0366452892678433,0.5418,"[0.667, 0.524, 0.504, 0.502, 0.512]","[0.16700000000000004, 0.02400000000000002, 0.0040000000000000036, 0.0020000000000000018, 0.01200000000000001]",0.05541217619793944,0.4509819072076003,0.8771299351208084,0.06324854502140856
32,5,3,19,8,0.0,msb,1000,0.028,0.019442276812770925,0.04017018319759311,0.057,0.04425344035871594,0.07313706765948591,0.5204000000000001,"[0.604, 0.536, 0.455, 0.501, 0.506]","[0.10399999999999998, 0.03600000000000003, -0.044999999999999984, 0.0010000000000000009, 0.006000000000000005]",0.10670881413552447,0.4509819072076003,0.7633855983353158,0.10165389876065978
32,5,4,19,8,0.0,msb,1000,0.061,0.0477797751260337,0.07758011882428367,0.121,0.10222378228920963,0.14267690064284116,0.5058,"[0.552, 0.491, 0.494, 0.457, 0.535]","[0.052000000000000046, -0.009000000000000008, -0.006000000000000005, -0.04299999999999998, 0.03500000000000003]",0.21199904876184852,0.4509819072076003,0.5299167319715575,0.16549835939316848
32,5,5,19,8,0.0,msb,1000,0.358,0.328881603627749,0.3882051957821486,0.697,0.6678076814786311,0.72468457567806,0.5766,"[0.843, 0.508, 0.51, 0.502, 0.52]","[0.34299999999999997, 0.008000000000000007, 0.010000000000000009, 0.0020000000000000018, 0.020000000000000018]",0.4509819072076003,0.4509819072076003,0.0,0.3559972063621412
